,timestamp,Open,High,Low,Close,Volume,quote_volume,close,high,low,open,volume,DateTime,ATR,SuperTrend,TrendDir,AdaptiveATR,shifted_dir
199,1747800000000,0.0016841,0.0016859,0.001679,0.0016824,2868800.0,4824.81078,0.0016824,0.0016859,0.001679,0.0016841,2868800.0,2025-05-21 04:00:00,,0.0017392123076923074,1.0,1.8920769230769192e-05,1.0
198,1747800300000,0.0016824,0.0016918,0.0016817,0.0016896,6902600.0,11661.05407,0.0016896,0.0016918,0.0016817,0.0016824,6902600.0,2025-05-21 04:05:00,,0.0017392123076923074,1.0,1.8920769230769192e-05,1.0
197,1747800600000,0.0016896,0.0016905,0.0016802,0.0016802,22134700.0,37335.85365,0.0016802,0.0016905,0.0016802,0.0016896,22134700.0,2025-05-21 04:10:00,,0.0017392123076923074,1.0,1.8920769230769192e-05,1.0
196,1747800900000,0.0016802,0.0016816,0.0016769,0.0016791,2400900.0,4032.45955,0.0016791,0.0016816,0.0016769,0.0016802,2400900.0,2025-05-21 04:15:00,,0.0017360123076923075,1.0,1.8920769230769192e-05,1.0
195,1747801200000,0.0016791,0.0016859,0.001677,0.0016838,37929400.0,63822.72122,0.0016838,0.0016859,0.001677,0.0016791,37929400.0,2025-05-21 04:20:00,,0.0017360123076923075,1.0,1.8920769230769192e-05,1.0
194,1747801500000,0.0016838,0.0016863,0.0016807,0.0016838,7077100.0,11909.91513,0.0016838,0.0016863,0.0016807,0.0016838,7077100.0,2025-05-21 04:25:00,,0.0017360123076923075,1.0,1.8920769230769192e-05,1.0
193,1747801800000,0.0016838,0.0016838,0.0016743,0.0016774,21074000.0,35394.98609,0.0016774,0.0016838,0.0016743,0.0016838,21074000.0,2025-05-21 04:30:00,,0.0017358123076923076,1.0,1.8920769230769192e-05,1.0
192,1747802100000,0.0016774,0.0016985,0.001676,0.001695,10909700.0,18404.19451,0.001695,0.0016985,0.001676,0.0016774,10909700.0,2025-05-21 04:35:00,,0.0017358123076923076,1.0,1.8920769230769192e-05,1.0
191,1747802400000,0.001695,0.0017017,0.0016919,0.0016956,10433100.0,17703.94852,0.0016956,0.0017017,0.0016919,0.001695,10433100.0,2025-05-21 04:40:00,,0.0017358123076923076,1.0,1.8920769230769192e-05,1.0
190,1747802700000,0.0016956,0.0016986,0.0016861,0.0016885,23418200.0,39580.905,0.0016885,0.0016986,0.0016861,0.0016956,23418200.0,2025-05-21 04:45:00,,0.0017358123076923076,1.0,1.8920769230769192e-05,1.0
189,1747803000000,0.0016885,0.0016928,0.001686,0.0016914,2038900.0,3442.33858,0.0016914,0.0016928,0.001686,0.0016885,2038900.0,2025-05-21 04:50:00,1.0069999999999936e-05,0.0017147546666666665,1.0,8.451555555555538e-06,1.0
188,1747803300000,0.0016914,0.0016933,0.0016887,0.0016891,4142600.0,7004.93236,0.0016891,0.0016933,0.0016887,0.0016914,4142600.0,2025-05-21 04:55:00,9.519999999999927e-06,0.0017147546666666665,1.0,8.451555555555538e-06,1.0
187,1747803600000,0.0016891,0.0017045,0.0016888,0.0016991,11638000.0,19773.40216,0.0016991,0.0017045,0.0016888,0.0016891,11638000.0,2025-05-21 05:00:00,1.005999999999993e-05,0.0017147546666666665,1.0,8.451555555555538e-06,1.0
186,1747803900000,0.0016991,0.0017005,0.0016948,0.0016961,1257600.0,2135.73233,0.0016961,0.0017005,0.0016948,0.0016991,1257600.0,2025-05-21 05:05:00,1.0159999999999943e-05,0.0017147546666666665,1.0,1.1722380952380944e-05,1.0
185,1747804200000,0.0016961,0.0017105,0.0016951,0.0017035,15868600.0,27018.4883,0.0017035,0.0017105,0.0016951,0.0016961,15868600.0,2025-05-21 05:10:00,1.0809999999999964e-05,0.0017147546666666665,1.0,1.1722380952380944e-05,-1.0
184,1747804500000,0.0017035,0.0017213,0.0017033,0.0017148,40088500.0,68783.59947,0.0017148,0.0017213,0.0017033,0.0017035,40088500.0,2025-05-21 05:15:00,1.2049999999999973e-05,0.0016771328571428571,-1.0,1.1722380952380944e-05,-1.0
183,1747804800000,0.0017148,0.0017207,0.0017087,0.0017185,13189400.0,22635.50943,0.0017185,0.0017207,0.0017087,0.0017148,13189400.0,2025-05-21 05:20:00,1.2299999999999964e-05,0.0016795328571428572,-1.0,1.1722380952380944e-05,-1.0
182,1747805100000,0.0017185,0.0017213,0.0017161,0.001718,6497600.0,11170.52007,0.001718,0.0017213,0.0017161,0.0017185,6497600.0,2025-05-21 05:25:00,1.056999999999998e-05,0.0016835328571428573,-1.0,1.1722380952380944e-05,-1.0
181,1747805400000,0.001718,0.0017226,0.0017176,0.0017226,4450900.0,7657.08317,0.0017226,0.0017226,0.0017176,0.001718,4450900.0,2025-05-21 05:30:00,1.008999999999999e-05,0.0016849328571428572,-1.0,1.1722380952380944e-05,-1.0
180,1747805700000,0.0017226,0.0017233,0.0017144,0.0017168,4323400.0,7436.22733,0.0017168,0.0017233,0.0017144,0.0017226,4323400.0,2025-05-21 05:35:00,9.730000000000003e-06,0.0016934953333333335,-1.0,8.451555555555538e-06,-1.0
179,1747806000000,0.0017168,0.0017197,0.0017125,0.0017155,2192900.0,3761.79876,0.0017155,0.0017197,0.0017125,0.0017168,2192900.0,2025-05-21 05:40:00,9.770000000000005e-06,0.0016934953333333335,-1.0,8.451555555555538e-06,-1.0
178,1747806300000,0.0017155,0.0017189,0.0017099,0.0017161,5116800.0,8772.01482,0.0017161,0.0017189,0.0017099,0.0017155,5116800.0,2025-05-21 05:45:00,1.0209999999999994e-05,0.0016934953333333335,-1.0,1.1722380952380944e-05,-1.0
177,1747806600000,0.0017161,0.001722,0.0017116,0.0017196,2862700.0,4921.20061,0.0017196,0.001722,0.0017116,0.0017161,2862700.0,2025-05-21 05:50:00,9.679999999999997e-06,0.0016934953333333335,-1.0,8.451555555555538e-06,-1.0
176,1747806900000,0.0017196,0.0017246,0.0017193,0.0017206,7633200.0,13146.53142,0.0017206,0.0017246,0.0017193,0.0017196,7633200.0,2025-05-21 05:55:00,9.639999999999996e-06,0.0016965953333333333,-1.0,8.451555555555538e-06,-1.0
175,1747807200000,0.0017206,0.0017234,0.0017113,0.0017135,44827000.0,76982.89044,0.0017135,0.0017234,0.0017113,0.0017206,44827000.0,2025-05-21 06:00:00,9.309999999999982e-06,0.0016965953333333333,-1.0,8.451555555555538e-06,-1.0
174,1747807500000,0.0017135,0.001714,0.001707,0.0017119,8616400.0,14734.42726,0.0017119,0.001714,0.001707,0.0017135,8616400.0,2025-05-21 06:05:00,8.209999999999987e-06,0.0016965953333333333,-1.0,8.451555555555538e-06,-1.0
173,1747807800000,0.0017119,0.0017119,0.0016987,0.0017057,15238800.0,25926.88804,0.0017057,0.0017119,0.0016987,0.0017119,15238800.0,2025-05-21 06:10:00,8.329999999999991e-06,0.0016965953333333333,-1.0,8.451555555555538e-06,-1.0
172,1747808100000,0.0017057,0.0017066,0.0016964,0.0017043,7252200.0,12330.30222,0.0017043,0.0017066,0.0016964,0.0017057,7252200.0,2025-05-21 06:15:00,8.829999999999971e-06,0.0016965953333333333,-1.0,8.451555555555538e-06,-1.0
171,1747808400000,0.0017043,0.0017084,0.0017033,0.0017055,6707800.0,11447.01222,0.0017055,0.0017084,0.0017033,0.0017043,6707800.0,2025-05-21 06:20:00,8.839999999999954e-06,0.0016965953333333333,-1.0,8.451555555555538e-06,-1.0
170,1747808700000,0.0017055,0.0017187,0.0017055,0.0017163,8006000.0,13715.56199,0.0017163,0.0017187,0.0017055,0.0017055,8006000.0,2025-05-21 06:25:00,9.26999999999996e-06,0.0016965953333333333,-1.0,8.451555555555538e-06,-1.0
169,1747809000000,0.0017163,0.0017179,0.0017087,0.0017173,4569800.0,7819.7255,0.0017173,0.0017179,0.0017087,0.0017163,4569800.0,2025-05-21 06:30:00,9.469999999999965e-06,0.0016965953333333333,-1.0,8.451555555555538e-06,-1.0
168,1747809300000,0.0017173,0.0017223,0.0017111,0.0017122,4005500.0,6879.96204,0.0017122,0.0017223,0.0017111,0.0017173,4005500.0,2025-05-21 06:35:00,9.68999999999998e-06,0.0016965953333333333,-1.0,8.451555555555538e-06,-1.0
167,1747809600000,0.0017122,0.0017174,0.0017103,0.0017157,3828400.0,6565.8957,0.0017157,0.0017174,0.0017103,0.0017122,3828400.0,2025-05-21 06:40:00,9.359999999999968e-06,0.0016965953333333333,-1.0,8.451555555555538e-06,-1.0
166,1747809900000,0.0017157,0.0017202,0.0017065,0.0017065,12356800.0,21193.73389,0.0017065,0.0017202,0.0017065,0.0017157,12356800.0,2025-05-21 06:45:00,1.0199999999999987e-05,0.0016965953333333333,-1.0,1.1722380952380944e-05,-1.0
165,1747810200000,0.0017065,0.0017125,0.0017065,0.0017112,2196000.0,3754.92506,0.0017112,0.0017125,0.0017065,0.0017065,2196000.0,2025-05-21 06:50:00,9.590000000000012e-06,0.0016965953333333333,-1.0,8.451555555555538e-06,-1.0
164,1747810500000,0.0017112,0.0017132,0.0017073,0.0017114,506400.0,866.07432,0.0017114,0.0017132,0.0017073,0.0017112,506400.0,2025-05-21 06:55:00,9.480000000000014e-06,0.0016965953333333333,-1.0,8.451555555555538e-06,-1.0
163,1747810800000,0.0017114,0.0017169,0.0017089,0.0017091,1446700.0,2478.91625,0.0017091,0.0017169,0.0017089,0.0017114,1446700.0,2025-05-21 07:00:00,8.960000000000023e-06,0.0016965953333333333,-1.0,8.451555555555538e-06,-1.0
162,1747811100000,0.0017091,0.0017097,0.0017054,0.0017091,4532600.0,7740.06206,0.0017091,0.0017097,0.0017054,0.0017091,4532600.0,2025-05-21 07:05:00,8.370000000000035e-06,0.0016965953333333333,-1.0,8.451555555555538e-06,1.0
161,1747811400000,0.0017091,0.0017103,0.0016939,0.0016956,18242100.0,30978.47254,0.0016956,0.0017103,0.0016939,0.0017091,18242100.0,2025-05-21 07:10:00,9.500000000000068e-06,0.0017147546666666665,1.0,8.451555555555538e-06,1.0
160,1747811700000,0.0016956,0.0016976,0.0016841,0.0016914,11236700.0,18970.77567,0.0016914,0.0016976,0.0016841,0.0016956,11236700.0,2025-05-21 07:15:00,9.530000000000063e-06,0.0017147546666666665,1.0,8.451555555555538e-06,1.0
159,1747812000000,0.0016914,0.0016914,0.001675,0.0016762,10240700.0,17228.90518,0.0016762,0.0016914,0.001675,0.0016914,10240700.0,2025-05-21 07:20:00,1.025000000000006e-05,0.0017147546666666665,1.0,1.1722380952380944e-05,1.0
158,1747812300000,0.0016762,0.0016842,0.0016735,0.0016816,5366000.0,9022.59375,0.0016816,0.0016842,0.0016735,0.0016762,5366000.0,2025-05-21 07:25:00,1.0200000000000053e-05,0.0017140171428571428,1.0,1.1722380952380944e-05,1.0
157,1747812600000,0.0016816,0.0016816,0.0016723,0.0016789,5172300.0,8675.86825,0.0016789,0.0016816,0.0016723,0.0016816,5172300.0,2025-05-21 07:30:00,1.0420000000000048e-05,0.0017121171428571428,1.0,1.1722380952380944e-05,1.0
156,1747812900000,0.0016789,0.0016817,0.0016661,0.0016671,9269800.0,15480.57232,0.0016671,0.0016817,0.0016661,0.0016789,9269800.0,2025-05-21 07:35:00,1.0610000000000025e-05,0.0017090671428571427,1.0,1.1722380952380944e-05,1.0
155,1747813200000,0.0016671,0.0016724,0.0016646,0.001669,13417200.0,22360.80749,0.001669,0.0016724,0.0016646,0.0016671,13417200.0,2025-05-21 07:40:00,1.0790000000000019e-05,0.0017036671428571429,1.0,1.1722380952380944e-05,1.0
154,1747813500000,0.001669,0.0016788,0.0016643,0.0016788,10316400.0,17255.21495,0.0016788,0.0016788,0.0016643,0.001669,10316400.0,2025-05-21 07:45:00,1.1650000000000007e-05,0.0017036671428571429,1.0,1.1722380952380944e-05,1.0
153,1747813800000,0.0016788,0.0016802,0.0016752,0.0016752,1064600.0,1786.5173,0.0016752,0.0016802,0.0016752,0.0016788,1064600.0,2025-05-21 07:50:00,1.135000000000001e-05,0.0017036671428571429,1.0,1.1722380952380944e-05,1.0
152,1747814100000,0.0016752,0.0016767,0.0016706,0.0016713,2961000.0,4953.4826,0.0016713,0.0016767,0.0016706,0.0016752,2961000.0,2025-05-21 07:55:00,1.1530000000000003e-05,0.0017036671428571429,1.0,1.1722380952380944e-05,1.0
151,1747814400000,0.0016713,0.0016778,0.0016713,0.0016778,1937300.0,3243.99983,0.0016778,0.0016778,0.0016713,0.0016713,1937300.0,2025-05-21 08:00:00,1.0539999999999985e-05,0.0017036671428571429,1.0,1.1722380952380944e-05,1.0
150,1747814700000,0.0016778,0.0016793,0.0016744,0.0016769,2554900.0,4286.7595,0.0016769,0.0016793,0.0016744,0.0016778,2554900.0,2025-05-21 08:05:00,9.679999999999997e-06,0.0017022046666666667,1.0,8.451555555555538e-06,1.0
149,1747815000000,0.0016769,0.0016841,0.0016769,0.001683,3096100.0,5205.92296,0.001683,0.0016841,0.0016769,0.0016769,3096100.0,2025-05-21 08:10:00,8.759999999999996e-06,0.0017022046666666667,1.0,8.451555555555538e-06,1.0
148,1747815300000,0.001683,0.001683,0.0016697,0.0016704,3404400.0,5703.74922,0.0016704,0.001683,0.0016697,0.001683,3404400.0,2025-05-21 08:15:00,9.019999999999992e-06,0.0017017046666666666,1.0,8.451555555555538e-06,1.0
147,1747815600000,0.0016704,0.0016704,0.001654,0.0016581,29871800.0,49519.59612,0.0016581,0.0016704,0.001654,0.0016704,29871800.0,2025-05-21 08:20:00,9.730000000000003e-06,0.0016875546666666665,1.0,8.451555555555538e-06,1.0
146,1747815900000,0.0016581,0.0016631,0.0016581,0.0016621,9183600.0,15242.49337,0.0016621,0.0016631,0.0016581,0.0016581,9183600.0,2025-05-21 08:25:00,8.67000000000001e-06,0.0016859546666666665,1.0,8.451555555555538e-06,1.0
145,1747816200000,0.0016621,0.0016631,0.001658,0.001661,7106200.0,11793.40203,0.001661,0.0016631,0.001658,0.0016621,7106200.0,2025-05-21 08:30:00,8.40000000000001e-06,0.0016859046666666665,1.0,8.451555555555538e-06,1.0
144,1747816500000,0.001661,0.0016634,0.0016572,0.0016606,5396400.0,8954.57207,0.0016606,0.0016634,0.0016572,0.001661,5396400.0,2025-05-21 08:35:00,7.570000000000016e-06,0.0016856546666666665,1.0,8.451555555555538e-06,1.0
143,1747816800000,0.0016606,0.0016632,0.0016564,0.0016612,1212300.0,2013.61331,0.0016612,0.0016632,0.0016564,0.0016606,1212300.0,2025-05-21 08:40:00,7.75000000000003e-06,0.0016851546666666664,1.0,8.451555555555538e-06,1.0
142,1747817100000,0.0016612,0.0016641,0.0016579,0.0016624,1060800.0,1762.71994,0.0016624,0.0016641,0.0016579,0.0016612,1060800.0,2025-05-21 08:45:00,7.760000000000038e-06,0.0016851546666666664,1.0,8.451555555555538e-06,1.0
141,1747817400000,0.0016624,0.0016626,0.0016569,0.0016591,1213400.0,2014.78335,0.0016591,0.0016626,0.0016569,0.0016624,1213400.0,2025-05-21 08:50:00,7.680000000000035e-06,0.0016851046666666665,1.0,8.451555555555538e-06,1.0
140,1747817700000,0.0016591,0.0016627,0.0016574,0.0016587,2073600.0,3439.82583,0.0016587,0.0016627,0.0016574,0.0016591,2073600.0,2025-05-21 08:55:00,7.720000000000014e-06,0.0016851046666666665,1.0,8.451555555555538e-06,1.0
139,1747818000000,0.0016587,0.0016659,0.0016565,0.0016652,4927500.0,8186.03405,0.0016652,0.0016659,0.0016565,0.0016587,4927500.0,2025-05-21 09:00:00,7.94000000000003e-06,0.0016851046666666665,1.0,8.451555555555538e-06,1.0
138,1747818300000,0.0016652,0.0016654,0.0016556,0.0016632,4879400.0,8091.60932,0.0016632,0.0016654,0.0016556,0.0016652,4879400.0,2025-05-21 09:05:00,7.590000000000049e-06,0.0016851046666666665,1.0,8.451555555555538e-06,1.0
137,1747818600000,0.0016632,0.0016632,0.0016583,0.00166,1921400.0,3188.9649,0.00166,0.0016632,0.0016583,0.0016632,1921400.0,2025-05-21 09:10:00,6.44000000000007e-06,0.0016851046666666665,1.0,8.451555555555538e-06,1.0
136,1747818900000,0.00166,0.0016664,0.00166,0.0016605,3170800.0,5273.50554,0.0016605,0.0016664,0.00166,0.00166,3170800.0,2025-05-21 09:15:00,6.580000000000062e-06,0.0016851046666666665,1.0,8.451555555555538e-06,1.0
135,1747819200000,0.0016605,0.0016626,0.0016601,0.0016622,362700.0,602.62167,0.0016622,0.0016626,0.0016601,0.0016605,362700.0,2025-05-21 09:20:00,6.320000000000045e-06,0.0016851046666666665,1.0,8.451555555555538e-06,1.0
134,1747819500000,0.0016622,0.0016624,0.0016568,0.0016603,2703500.0,4487.64888,0.0016603,0.0016624,0.0016568,0.0016622,2703500.0,2025-05-21 09:25:00,6.260000000000054e-06,0.0016849546666666665,1.0,8.451555555555538e-06,1.0
133,1747819800000,0.0016603,0.0016621,0.0016568,0.0016608,690000.0,1144.95476,0.0016608,0.0016621,0.0016568,0.0016603,690000.0,2025-05-21 09:30:00,6.110000000000035e-06,0.0016848046666666663,1.0,8.451555555555538e-06,1.0
132,1747820100000,0.0016608,0.0016626,0.0016608,0.0016621,283300.0,470.77479,0.0016621,0.0016626,0.0016608,0.0016608,283300.0,2025-05-21 09:35:00,5.670000000000024e-06,0.0016848046666666663,1.0,8.451555555555538e-06,1.0
131,1747820400000,0.0016621,0.0016621,0.0016567,0.0016567,1092100.0,1810.13617,0.0016567,0.0016621,0.0016567,0.0016621,1092100.0,2025-05-21 09:40:00,5.640000000000007e-06,0.0016847546666666666,1.0,8.451555555555538e-06,1.0
130,1747820700000,0.0016567,0.0016596,0.0016563,0.001657,2057800.0,3410.45395,0.001657,0.0016596,0.0016563,0.0016567,2057800.0,2025-05-21 09:45:00,5.440000000000002e-06,0.0016833046666666666,1.0,8.451555555555538e-06,1.0
129,1747821000000,0.001657,0.0016602,0.0016567,0.0016591,1423500.0,2361.69827,0.0016591,0.0016602,0.0016567,0.001657,1423500.0,2025-05-21 09:50:00,4.849999999999971e-06,0.0016833046666666666,1.0,8.451555555555538e-06,1.0
128,1747821300000,0.0016591,0.0016608,0.001658,0.0016586,1896800.0,3147.00885,0.0016586,0.0016608,0.001658,0.0016591,1896800.0,2025-05-21 09:55:00,4.149999999999965e-06,0.0016833046666666666,1.0,8.451555555555538e-06,1.0
127,1747821600000,0.0016586,0.0016626,0.0016563,0.0016615,2644600.0,4384.39412,0.0016615,0.0016626,0.0016563,0.0016586,2644600.0,2025-05-21 10:00:00,4.289999999999936e-06,0.0016833046666666666,1.0,8.451555555555538e-06,1.0
126,1747821900000,0.0016615,0.0016637,0.0016587,0.0016637,1680800.0,2790.91839,0.0016637,0.0016637,0.0016587,0.0016615,1680800.0,2025-05-21 10:05:00,4.149999999999943e-06,0.0016833046666666666,1.0,8.451555555555538e-06,1.0
125,1747822200000,0.0016637,0.0016724,0.0016637,0.0016713,2978800.0,4969.94626,0.0016713,0.0016724,0.0016637,0.0016637,2978800.0,2025-05-21 10:10:00,4.76999999999997e-06,0.0016833046666666666,1.0,8.451555555555538e-06,1.0
124,1747822500000,0.0016713,0.0016713,0.0016669,0.0016671,992700.0,1656.3287,0.0016671,0.0016713,0.0016669,0.0016713,992700.0,2025-05-21 10:15:00,4.649999999999945e-06,0.0016833046666666666,1.0,8.451555555555538e-06,1.0
123,1747822800000,0.0016671,0.0016678,0.001658,0.0016594,1227700.0,2041.09731,0.0016594,0.0016678,0.001658,0.0016671,1227700.0,2025-05-21 10:20:00,5.099999999999961e-06,0.0016833046666666666,1.0,8.451555555555538e-06,1.0
122,1747823100000,0.0016594,0.0016656,0.001659,0.0016648,1306800.0,2173.25317,0.0016648,0.0016656,0.001659,0.0016594,1306800.0,2025-05-21 10:25:00,5.579999999999952e-06,0.0016833046666666666,1.0,8.451555555555538e-06,1.0
121,1747823400000,0.0016648,0.0016698,0.0016635,0.0016695,2736300.0,4565.52649,0.0016695,0.0016698,0.0016635,0.0016648,2736300.0,2025-05-21 10:30:00,5.669999999999959e-06,0.0016833046666666666,1.0,8.451555555555538e-06,1.0
120,1747823700000,0.0016695,0.0016713,0.0016677,0.0016709,643900.0,1074.70404,0.0016709,0.0016713,0.0016677,0.0016695,643900.0,2025-05-21 10:35:00,5.699999999999954e-06,0.0016833046666666666,1.0,8.451555555555538e-06,1.0
119,1747824000000,0.0016709,0.0016713,0.0016675,0.0016709,1365400.0,2279.09119,0.0016709,0.0016713,0.0016675,0.0016709,1365400.0,2025-05-21 10:40:00,5.729999999999971e-06,0.0016833046666666666,1.0,8.451555555555538e-06,1.0
118,1747824300000,0.0016709,0.001672,0.0016695,0.0016699,2039500.0,3406.71646,0.0016699,0.001672,0.0016695,0.0016709,2039500.0,2025-05-21 10:45:00,5.699999999999976e-06,0.0016833046666666666,1.0,8.451555555555538e-06,1.0
117,1747824600000,0.0016699,0.001675,0.0016694,0.001672,2136500.0,3574.29679,0.001672,0.001675,0.0016694,0.0016699,2136500.0,2025-05-21 10:50:00,5.630000000000001e-06,0.0016833046666666666,1.0,8.451555555555538e-06,1.0
116,1747824900000,0.001672,0.0016721,0.0016681,0.0016699,1826400.0,3050.85854,0.0016699,0.0016721,0.0016681,0.001672,1826400.0,2025-05-21 10:55:00,5.529999999999988e-06,0.0016833046666666666,1.0,8.451555555555538e-06,1.0
115,1747825200000,0.0016699,0.001676,0.0016699,0.001676,2566100.0,4294.00768,0.001676,0.001676,0.0016699,0.0016699,2566100.0,2025-05-21 11:00:00,5.269999999999971e-06,0.0016833046666666666,1.0,8.451555555555538e-06,1.0
114,1747825500000,0.001676,0.0016836,0.001675,0.0016826,3486400.0,5859.61432,0.0016826,0.0016836,0.001675,0.001676,3486400.0,2025-05-21 11:05:00,5.68999999999997e-06,0.0016833046666666666,1.0,8.451555555555538e-06,-1.0
113,1747825800000,0.0016826,0.0016903,0.0016826,0.0016886,9006700.0,15179.25945,0.0016886,0.0016903,0.0016826,0.0016826,9006700.0,2025-05-21 11:10:00,5.479999999999959e-06,0.0016965953333333333,-1.0,8.451555555555538e-06,-1.0
112,1747826100000,0.0016886,0.001698,0.0016879,0.0016969,5023800.0,8510.63905,0.0016969,0.001698,0.0016879,0.0016886,5023800.0,2025-05-21 11:15:00,5.829999999999985e-06,0.0016965953333333333,-1.0,8.451555555555538e-06,1.0
111,1747826400000,0.0016969,0.0017027,0.001695,0.0016955,23834700.0,40501.61904,0.0016955,0.0017027,0.001695,0.0016969,23834700.0,2025-05-21 11:20:00,5.969999999999999e-06,0.0016833046666666666,1.0,8.451555555555538e-06,-1.0
110,1747826700000,0.0016955,0.0016988,0.0016935,0.0016986,2154700.0,3655.2188,0.0016986,0.0016988,0.0016935,0.0016955,2154700.0,2025-05-21 11:25:00,6.14000000000003e-06,0.0016965953333333333,-1.0,8.451555555555538e-06,1.0
109,1747827000000,0.0016986,0.001701,0.0016939,0.0016961,3315800.0,5626.54444,0.0016961,0.001701,0.0016939,0.0016986,3315800.0,2025-05-21 11:30:00,6.470000000000043e-06,0.0016833046666666666,1.0,8.451555555555538e-06,-1.0
108,1747827300000,0.0016961,0.0016961,0.0016913,0.0016913,1616100.0,2735.49335,0.0016913,0.0016961,0.0016913,0.0016961,1616100.0,2025-05-21 11:35:00,6.7000000000000434e-06,0.0016965953333333333,-1.0,8.451555555555538e-06,1.0
107,1747827600000,0.0016913,0.0016956,0.0016913,0.0016946,12319500.0,20850.88864,0.0016946,0.0016956,0.0016913,0.0016913,12319500.0,2025-05-21 11:40:00,6.570000000000035e-06,0.0016833046666666666,1.0,8.451555555555538e-06,-1.0
106,1747827900000,0.0016946,0.0016946,0.0016847,0.0016881,24211800.0,40904.21932,0.0016881,0.0016946,0.0016847,0.0016946,24211800.0,2025-05-21 11:45:00,7.160000000000065e-06,0.0016965953333333333,-1.0,8.451555555555538e-06,1.0
105,1747828200000,0.0016881,0.0016917,0.0016871,0.0016901,3002900.0,5073.30041,0.0016901,0.0016917,0.0016871,0.0016881,3002900.0,2025-05-21 11:50:00,7.0100000000000676e-06,0.0016833046666666666,1.0,8.451555555555538e-06,-1.0
104,1747828500000,0.0016901,0.0016969,0.0016901,0.0016969,1281700.0,2170.78392,0.0016969,0.0016969,0.0016901,0.0016901,1281700.0,2025-05-21 11:55:00,6.8300000000000955e-06,0.0016965953333333333,-1.0,8.451555555555538e-06,1.0
103,1747828800000,0.0016969,0.0016998,0.0016918,0.001692,3944000.0,6687.66092,0.001692,0.0016998,0.0016918,0.0016969,3944000.0,2025-05-21 12:00:00,6.860000000000091e-06,0.0016833046666666666,1.0,8.451555555555538e-06,-1.0
102,1747829100000,0.001692,0.0016935,0.0016859,0.0016872,2587600.0,4374.65596,0.0016872,0.0016935,0.0016859,0.001692,2587600.0,2025-05-21 12:05:00,6.610000000000079e-06,0.0016965953333333333,-1.0,8.451555555555538e-06,1.0
101,1747829400000,0.0016872,0.0016947,0.0016872,0.001693,852500.0,1442.24301,0.001693,0.0016947,0.0016872,0.0016872,852500.0,2025-05-21 12:10:00,6.590000000000068e-06,0.0016833046666666666,1.0,8.451555555555538e-06,-1.0
100,1747829700000,0.001693,0.001705,0.001693,0.001705,4110800.0,6997.20106,0.001705,0.001705,0.001693,0.001693,4110800.0,2025-05-21 12:15:00,7.2600000000000355e-06,0.0016965953333333333,-1.0,8.451555555555538e-06,-1.0
99,1747830000000,0.001705,0.0017105,0.0017049,0.001709,7761500.0,13253.536,0.001709,0.0017105,0.0017049,0.001705,7761500.0,2025-05-21 12:20:00,7.110000000000016e-06,0.0016965953333333333,-1.0,8.451555555555538e-06,-1.0
98,1747830300000,0.001709,0.0017167,0.0017088,0.0017141,17943300.0,30763.54614,0.0017141,0.0017167,0.0017088,0.001709,17943300.0,2025-05-21 12:25:00,7.420000000000018e-06,0.0016965953333333333,-1.0,8.451555555555538e-06,-1.0
97,1747830600000,0.0017141,0.0017141,0.0017057,0.0017057,2170800.0,3709.60203,0.0017057,0.0017141,0.0017057,0.0017141,2170800.0,2025-05-21 12:30:00,7.830000000000011e-06,0.0016965953333333333,-1.0,8.451555555555538e-06,-1.0
96,1747830900000,0.0017057,0.0017111,0.0017057,0.0017079,1512900.0,2585.43516,0.0017079,0.0017111,0.0017057,0.0017057,1512900.0,2025-05-21 12:35:00,7.379999999999973e-06,0.0016965953333333333,-1.0,8.451555555555538e-06,-1.0
95,1747831200000,0.0017079,0.001708,0.0016994,0.0017022,3216700.0,5480.18108,0.0017022,0.001708,0.0016994,0.0017079,3216700.0,2025-05-21 12:40:00,7.779999999999983e-06,0.0016965953333333333,-1.0,8.451555555555538e-06,-1.0
94,1747831500000,0.0017022,0.0017022,0.0016957,0.0016988,3369400.0,5720.92045,0.0016988,0.0017022,0.0016957,0.0017022,3369400.0,2025-05-21 12:45:00,7.749999999999966e-06,0.0016965953333333333,-1.0,8.451555555555538e-06,1.0
93,1747831800000,0.0016988,0.0017024,0.0016941,0.0016948,2055000.0,3489.83124,0.0016948,0.0017024,0.0016941,0.0016988,2055000.0,2025-05-21 12:50:00,7.779999999999961e-06,0.0016833046666666666,1.0,8.451555555555538e-06,-1.0
92,1747832100000,0.0016948,0.0016979,0.0016931,0.0016979,1655900.0,2807.11886,0.0016979,0.0016979,0.0016931,0.0016948,1655900.0,2025-05-21 12:55:00,7.4999999999999765e-06,0.0016965953333333333,-1.0,8.451555555555538e-06,-1.0
91,1747832400000,0.0016979,0.0017029,0.0016957,0.0016969,3778300.0,6425.6263,0.0016969,0.0017029,0.0016957,0.0016979,3778300.0,2025-05-21 13:00:00,7.469999999999981e-06,0.0016965953333333333,-1.0,8.451555555555538e-06,1.0
90,1747832700000,0.0016969,0.0016981,0.0016922,0.0016964,985000.0,1669.57879,0.0016964,0.0016981,0.0016922,0.0016969,985000.0,2025-05-21 13:05:00,6.859999999999983e-06,0.0016833046666666666,1.0,8.451555555555538e-06,-1.0
89,1747833000000,0.0016964,0.0016964,0.0016865,0.0016891,12336200.0,20827.49313,0.0016891,0.0016964,0.0016865,0.0016964,12336200.0,2025-05-21 13:10:00,7.289999999999988e-06,0.0016965953333333333,-1.0,8.451555555555538e-06,1.0
88,1747833300000,0.0016891,0.0016939,0.0016874,0.0016914,4309700.0,7287.14641,0.0016914,0.0016939,0.0016874,0.0016891,4309700.0,2025-05-21 13:15:00,7.149999999999973e-06,0.0016833046666666666,1.0,8.451555555555538e-06,-1.0
87,1747833600000,0.0016914,0.001697,0.0016896,0.0016914,5267100.0,8917.12482,0.0016914,0.001697,0.0016896,0.0016914,5267100.0,2025-05-21 13:20:00,7.04999999999996e-06,0.0016965953333333333,-1.0,8.451555555555538e-06,1.0
86,1747833900000,0.0016914,0.001695,0.001691,0.0016927,850100.0,1438.95798,0.0016927,0.001695,0.001691,0.0016914,850100.0,2025-05-21 13:25:00,6.909999999999968e-06,0.0016833046666666666,1.0,8.451555555555538e-06,-1.0
85,1747834200000,0.0016927,0.0017022,0.0016927,0.0016966,8079400.0,13730.56318,0.0016966,0.0017022,0.0016927,0.0016927,8079400.0,2025-05-21 13:30:00,6.999999999999953e-06,0.0016965953333333333,-1.0,8.451555555555538e-06,-1.0
84,1747834500000,0.0016966,0.001706,0.0016948,0.0017016,5738300.0,9774.8364,0.0017016,0.001706,0.0016948,0.0016966,5738300.0,2025-05-21 13:35:00,7.469999999999959e-06,0.0016965953333333333,-1.0,8.451555555555538e-06,-1.0
83,1747834800000,0.0017016,0.0017118,0.0016982,0.0017092,4987300.0,8519.06866,0.0017092,0.0017118,0.0016982,0.0017016,4987300.0,2025-05-21 13:40:00,7.999999999999978e-06,0.0016965953333333333,-1.0,8.451555555555538e-06,-1.0
82,1747835100000,0.0017092,0.0017115,0.0017044,0.0017066,5723800.0,9777.23217,0.0017066,0.0017115,0.0017044,0.0017092,5723800.0,2025-05-21 13:45:00,8.229999999999957e-06,0.0016965953333333333,-1.0,8.451555555555538e-06,-1.0
81,1747835400000,0.0017066,0.001714,0.0017066,0.0017096,4113400.0,7039.28224,0.0017096,0.001714,0.0017066,0.0017066,4113400.0,2025-05-21 13:50:00,8.249999999999967e-06,0.0016965953333333333,-1.0,8.451555555555538e-06,-1.0
80,1747835700000,0.0017096,0.0017146,0.0016996,0.0017015,24109100.0,41116.56811,0.0017015,0.0017146,0.0016996,0.0017096,24109100.0,2025-05-21 13:55:00,9.159999999999983e-06,0.0016965953333333333,-1.0,8.451555555555538e-06,-1.0
79,1747836000000,0.0017015,0.0017054,0.0017001,0.0017037,5759900.0,9806.27764,0.0017037,0.0017054,0.0017001,0.0017015,5759900.0,2025-05-21 14:00:00,8.699999999999984e-06,0.0016965953333333333,-1.0,8.451555555555538e-06,-1.0
78,1747836300000,0.0017037,0.0017063,0.0016984,0.001702,3190800.0,5431.08424,0.001702,0.0017063,0.0016984,0.0017037,3190800.0,2025-05-21 14:05:00,8.839999999999976e-06,0.0016965953333333333,-1.0,8.451555555555538e-06,-1.0
77,1747836600000,0.001702,0.0017034,0.001693,0.0016979,12519700.0,21232.8459,0.0016979,0.0017034,0.001693,0.001702,12519700.0,2025-05-21 14:10:00,9.139999999999994e-06,0.0016965953333333333,-1.0,8.451555555555538e-06,-1.0
76,1747836900000,0.0016979,0.0017063,0.001696,0.0017053,3761500.0,6406.54375,0.0017053,0.0017063,0.001696,0.0016979,3761500.0,2025-05-21 14:15:00,9.770000000000005e-06,0.0016965953333333333,-1.0,8.451555555555538e-06,-1.0
75,1747837200000,0.0017053,0.0017069,0.0017004,0.0017009,3640300.0,6199.24253,0.0017009,0.0017069,0.0017004,0.0017053,3640300.0,2025-05-21 14:20:00,9.470000000000008e-06,0.0016965953333333333,-1.0,8.451555555555538e-06,1.0
74,1747837500000,0.0017009,0.001701,0.0016914,0.0016941,5551000.0,9409.19442,0.0016941,0.001701,0.0016914,0.0017009,5551000.0,2025-05-21 14:25:00,9.310000000000004e-06,0.0016833046666666666,1.0,8.451555555555538e-06,-1.0
73,1747837800000,0.0016941,0.0016966,0.001686,0.0016882,3829800.0,6469.57312,0.0016882,0.0016966,0.001686,0.0016941,3829800.0,2025-05-21 14:30:00,9.009999999999987e-06,0.0016965953333333333,-1.0,8.451555555555538e-06,1.0
72,1747838100000,0.0016882,0.001697,0.0016882,0.0016956,2193200.0,3709.55514,0.0016956,0.001697,0.0016882,0.0016882,2193200.0,2025-05-21 14:35:00,9.179999999999995e-06,0.0016833046666666666,1.0,8.451555555555538e-06,-1.0
71,1747838400000,0.0016956,0.0017017,0.001695,0.0017006,2512900.0,4269.44199,0.0017006,0.0017017,0.001695,0.0016956,2512900.0,2025-05-21 14:40:00,9.11e-06,0.0016965953333333333,-1.0,8.451555555555538e-06,-1.0
70,1747838700000,0.0017006,0.0017014,0.0016969,0.001701,3833700.0,6511.62984,0.001701,0.0017014,0.0016969,0.0017006,3833700.0,2025-05-21 14:45:00,8.05999999999999e-06,0.0016965953333333333,-1.0,8.451555555555538e-06,-1.0
69,1747839000000,0.001701,0.0017214,0.0017004,0.0017124,33501100.0,57277.25489,0.0017124,0.0017214,0.0017004,0.001701,33501100.0,2025-05-21 14:50:00,9.630000000000011e-06,0.0016965953333333333,-1.0,8.451555555555538e-06,-1.0
68,1747839300000,0.0017124,0.001721,0.0017123,0.001721,4001400.0,6867.18941,0.001721,0.001721,0.0017123,0.0017124,4001400.0,2025-05-21 14:55:00,9.710000000000036e-06,0.0016965953333333333,-1.0,8.451555555555538e-06,-1.0
67,1747839600000,0.001721,0.001721,0.0017054,0.0017156,17049800.0,29179.24432,0.0017156,0.001721,0.0017054,0.001721,17049800.0,2025-05-21 15:00:00,1.0230000000000048e-05,0.0016965953333333333,-1.0,1.1722380952380944e-05,-1.0
66,1747839900000,0.0017156,0.0017243,0.0017148,0.001722,11827300.0,20346.36123,0.001722,0.0017243,0.0017148,0.0017156,11827300.0,2025-05-21 15:05:00,1.0150000000000047e-05,0.0016965953333333333,-1.0,1.1722380952380944e-05,-1.0
65,1747840200000,0.001722,0.0017236,0.0017069,0.0017102,18138300.0,31007.23226,0.0017102,0.0017236,0.0017069,0.001722,18138300.0,2025-05-21 15:10:00,1.117000000000006e-05,0.0016965953333333333,-1.0,1.1722380952380944e-05,-1.0
64,1747840500000,0.0017102,0.0017196,0.0017095,0.001713,12648500.0,21706.53309,0.001713,0.0017196,0.0017095,0.0017102,12648500.0,2025-05-21 15:15:00,1.1220000000000045e-05,0.0016965953333333333,-1.0,1.1722380952380944e-05,-1.0
63,1747840800000,0.001713,0.001716,0.0017059,0.001716,24216900.0,41391.08683,0.001716,0.001716,0.0017059,0.001713,24216900.0,2025-05-21 15:20:00,1.117000000000006e-05,0.0016965953333333333,-1.0,1.1722380952380944e-05,-1.0
62,1747841100000,0.001716,0.0017208,0.0017114,0.0017191,5026600.0,8622.61971,0.0017191,0.0017208,0.0017114,0.001716,5026600.0,2025-05-21 15:25:00,1.123000000000005e-05,0.0016965953333333333,-1.0,1.1722380952380944e-05,-1.0
61,1747841400000,0.0017191,0.0017254,0.0017191,0.0017211,4176400.0,7198.38668,0.0017211,0.0017254,0.0017191,0.0017191,4176400.0,2025-05-21 15:30:00,1.1190000000000028e-05,0.0016965953333333333,-1.0,1.1722380952380944e-05,-1.0
60,1747841700000,0.0017211,0.0017226,0.0017009,0.0017076,26424800.0,45136.646,0.0017076,0.0017226,0.0017009,0.0017211,26424800.0,2025-05-21 15:35:00,1.2910000000000027e-05,0.0016965953333333333,-1.0,1.1722380952380944e-05,-1.0
59,1747842000000,0.0017076,0.0017156,0.0017076,0.0017147,3941900.0,6753.93106,0.0017147,0.0017156,0.0017076,0.0017076,3941900.0,2025-05-21 15:40:00,1.1610000000000006e-05,0.0016965953333333333,-1.0,1.1722380952380944e-05,-1.0
58,1747842300000,0.0017147,0.0017168,0.0017075,0.0017093,1790700.0,3064.96505,0.0017093,0.0017168,0.0017075,0.0017147,1790700.0,2025-05-21 15:45:00,1.1669999999999997e-05,0.0016965953333333333,-1.0,1.1722380952380944e-05,-1.0
57,1747842600000,0.0017093,0.001717,0.0017089,0.001717,1608700.0,2755.82464,0.001717,0.001717,0.0017089,0.0017093,1608700.0,2025-05-21 15:50:00,1.0919999999999984e-05,0.0016965953333333333,-1.0,1.1722380952380944e-05,-1.0
56,1747842900000,0.001717,0.0017186,0.0017151,0.0017167,1564300.0,2685.25565,0.0017167,0.0017186,0.0017151,0.001717,1564300.0,2025-05-21 15:55:00,1.0319999999999991e-05,0.0016965953333333333,-1.0,1.1722380952380944e-05,-1.0
55,1747843200000,0.0017167,0.0017211,0.0017165,0.0017175,8232000.0,14149.44975,0.0017175,0.0017211,0.0017165,0.0017167,8232000.0,2025-05-21 16:00:00,9.109999999999977e-06,0.0016965953333333333,-1.0,8.451555555555538e-06,-1.0
54,1747843500000,0.0017175,0.0017176,0.0017114,0.0017156,2843700.0,4876.59263,0.0017156,0.0017176,0.0017114,0.0017175,2843700.0,2025-05-21 16:05:00,8.719999999999974e-06,0.0016965953333333333,-1.0,8.451555555555538e-06,-1.0
53,1747843800000,0.0017156,0.0017288,0.0017156,0.0017288,4715200.0,8111.81102,0.0017288,0.0017288,0.0017156,0.0017156,4715200.0,2025-05-21 16:10:00,9.029999999999954e-06,0.0016968453333333336,-1.0,8.451555555555538e-06,-1.0
52,1747844100000,0.0017288,0.0017432,0.0017278,0.0017362,17090100.0,29654.95968,0.0017362,0.0017432,0.0017278,0.0017288,17090100.0,2025-05-21 16:15:00,9.629999999999969e-06,0.0017101453333333335,-1.0,8.451555555555538e-06,-1.0
51,1747844400000,0.0017362,0.0017445,0.0017343,0.0017445,5242800.0,9115.80409,0.0017445,0.0017445,0.0017343,0.0017362,5242800.0,2025-05-21 16:20:00,1.0019999999999972e-05,0.0017140453333333334,-1.0,8.451555555555538e-06,-1.0
50,1747844700000,0.0017445,0.0017496,0.0017431,0.0017445,5097500.0,8897.15836,0.0017445,0.0017496,0.0017431,0.0017445,5097500.0,2025-05-21 16:25:00,8.49999999999998e-06,0.0017209953333333335,-1.0,8.451555555555538e-06,-1.0
49,1747845000000,0.0017445,0.0017628,0.0017443,0.0017612,5546800.0,9736.74989,0.0017612,0.0017628,0.0017443,0.0017445,5546800.0,2025-05-21 16:30:00,9.549999999999966e-06,0.0017281953333333335,-1.0,8.451555555555538e-06,-1.0
48,1747845300000,0.0017612,0.0017701,0.0017593,0.0017654,31073800.0,54805.45213,0.0017654,0.0017701,0.0017593,0.0017612,31073800.0,2025-05-21 16:35:00,9.699999999999943e-06,0.0017393453333333336,-1.0,8.451555555555538e-06,-1.0
47,1747845600000,0.0017654,0.0017714,0.0017606,0.0017711,6709100.0,11848.42165,0.0017711,0.0017714,0.0017606,0.0017654,6709100.0,2025-05-21 16:40:00,9.969999999999944e-06,0.0017406453333333335,-1.0,8.451555555555538e-06,-1.0
46,1747845900000,0.0017711,0.0017723,0.001763,0.001763,7542100.0,13332.80207,0.001763,0.0017723,0.001763,0.0017711,7542100.0,2025-05-21 16:45:00,1.0549999999999948e-05,0.0017406453333333335,-1.0,1.1722380952380944e-05,-1.0
45,1747846200000,0.001763,0.001773,0.0017613,0.0017693,11262100.0,19907.32371,0.0017693,0.001773,0.0017613,0.001763,11262100.0,2025-05-21 16:50:00,1.125999999999996e-05,0.0017406453333333335,-1.0,1.1722380952380944e-05,-1.0
44,1747846500000,0.0017693,0.0017742,0.0017488,0.0017495,9560200.0,16820.79728,0.0017495,0.0017742,0.0017488,0.0017693,9560200.0,2025-05-21 16:55:00,1.3179999999999984e-05,0.0017406453333333335,-1.0,1.1722380952380944e-05,-1.0
43,1747846800000,0.0017495,0.0017624,0.0017495,0.0017549,11771800.0,20685.76473,0.0017549,0.0017624,0.0017495,0.0017495,11771800.0,2025-05-21 17:00:00,1.314999999999999e-05,0.0017406453333333335,-1.0,1.1722380952380944e-05,-1.0
42,1747847100000,0.0017549,0.0017575,0.0017396,0.001742,9772800.0,17061.2043,0.001742,0.0017575,0.0017396,0.0017549,9772800.0,2025-05-21 17:05:00,1.3399999999999978e-05,0.0017406453333333335,-1.0,1.1722380952380944e-05,1.0
41,1747847400000,0.001742,0.0017429,0.0017323,0.0017384,13020800.0,22610.54938,0.0017384,0.0017429,0.0017323,0.001742,13020800.0,2025-05-21 17:10:00,1.343999999999998e-05,0.0016833046666666666,1.0,1.1722380952380944e-05,-1.0
40,1747847700000,0.0017384,0.0017424,0.0017113,0.001721,30472500.0,52444.45456,0.001721,0.0017424,0.0017113,0.0017384,30472500.0,2025-05-21 17:15:00,1.5899999999999987e-05,0.0017406453333333335,-1.0,1.8920769230769192e-05,1.0
39,1747848000000,0.001721,0.0017226,0.0016908,0.001695,26335500.0,44878.49749,0.001695,0.0017226,0.0016908,0.001721,26335500.0,2025-05-21 17:20:00,1.7230000000000003e-05,0.0016833046666666666,1.0,1.8920769230769192e-05,-1.0
38,1747848300000,0.001695,0.0016996,0.0016804,0.0016848,65372300.0,110396.40095,0.0016848,0.0016996,0.0016804,0.001695,65372300.0,2025-05-21 17:25:00,1.807e-05,0.0017406453333333335,-1.0,1.8920769230769192e-05,1.0
37,1747848600000,0.0016848,0.0017005,0.0016776,0.0016986,25831800.0,43718.09656,0.0016986,0.0017005,0.0016776,0.0016848,25831800.0,2025-05-21 17:30:00,1.927999999999999e-05,0.0016833046666666666,1.0,1.8920769230769192e-05,-1.0
36,1747848900000,0.0016986,0.0017054,0.0016875,0.0017023,16753000.0,28390.50645,0.0017023,0.0017054,0.0016875,0.0016986,16753000.0,2025-05-21 17:35:00,2.013999999999998e-05,0.0017406453333333335,-1.0,1.8920769230769192e-05,1.0
35,1747849200000,0.0017023,0.0017054,0.0016899,0.0016926,19827200.0,33695.49721,0.0016926,0.0017054,0.0016899,0.0017023,19827200.0,2025-05-21 17:40:00,2.0519999999999956e-05,0.0016833046666666666,1.0,1.8920769230769192e-05,-1.0
34,1747849500000,0.0016926,0.0017042,0.0016869,0.0016941,11968500.0,20271.83462,0.0016941,0.0017042,0.0016869,0.0016926,11968500.0,2025-05-21 17:45:00,1.970999999999993e-05,0.0017406453333333335,-1.0,1.8920769230769192e-05,1.0
33,1747849800000,0.0016941,0.0016985,0.001673,0.0016752,11846600.0,19923.80144,0.0016752,0.0016985,0.001673,0.0016941,11846600.0,2025-05-21 17:50:00,2.096999999999993e-05,0.0016833046666666666,1.0,1.8920769230769192e-05,1.0
32,1747850100000,0.0016752,0.0016832,0.0016699,0.0016832,23462900.0,39283.51262,0.0016832,0.0016832,0.0016699,0.0016752,23462900.0,2025-05-21 17:55:00,2.050999999999993e-05,0.0016833046666666666,1.0,1.8920769230769192e-05,-1.0
31,1747850400000,0.0016832,0.0016899,0.0016774,0.0016865,7311600.0,12322.22845,0.0016865,0.0016899,0.0016774,0.0016832,7311600.0,2025-05-21 18:00:00,2.069999999999995e-05,0.0017406453333333335,-1.0,1.8920769230769192e-05,1.0
30,1747850700000,0.0016865,0.0017043,0.0016848,0.0017021,11048100.0,18723.68361,0.0017021,0.0017043,0.0016848,0.0016865,11048100.0,2025-05-21 18:05:00,1.9539999999999945e-05,0.0016833046666666666,1.0,1.8920769230769192e-05,-1.0
29,1747851000000,0.0017021,0.0017021,0.0016937,0.0016969,2949800.0,5006.36802,0.0016969,0.0017021,0.0016937,0.0017021,2949800.0,2025-05-21 18:10:00,1.719999999999994e-05,0.0017406453333333335,-1.0,1.8920769230769192e-05,1.0
28,1747851300000,0.0016969,0.0017044,0.0016952,0.0016974,4444800.0,7548.88922,0.0016974,0.0017044,0.0016952,0.0016969,4444800.0,2025-05-21 18:15:00,1.619999999999996e-05,0.0016833046666666666,1.0,1.8920769230769192e-05,-1.0
27,1747851600000,0.0016974,0.0016999,0.0016877,0.0016978,19370700.0,32851.17546,0.0016978,0.0016999,0.0016877,0.0016974,19370700.0,2025-05-21 18:20:00,1.5129999999999962e-05,0.0017406453333333335,-1.0,1.1722380952380944e-05,1.0
26,1747851900000,0.0016978,0.0017014,0.0016906,0.0016912,6027200.0,10234.19036,0.0016912,0.0017014,0.0016906,0.0016978,6027200.0,2025-05-21 18:25:00,1.441999999999997e-05,0.0016833046666666666,1.0,1.1722380952380944e-05,-1.0
25,1747852200000,0.0016912,0.0017031,0.0016912,0.0017029,5459200.0,9263.24793,0.0017029,0.0017031,0.0016912,0.0016912,5459200.0,2025-05-21 18:30:00,1.4059999999999984e-05,0.0017406453333333335,-1.0,1.1722380952380944e-05,1.0
24,1747852500000,0.0017029,0.0017052,0.0016975,0.0017024,3375000.0,5741.62745,0.0017024,0.0017052,0.0016975,0.0017029,3375000.0,2025-05-21 18:35:00,1.3100000000000003e-05,0.0016833046666666666,1.0,1.1722380952380944e-05,-1.0
23,1747852800000,0.0017024,0.0017153,0.0017015,0.0017145,7184700.0,12271.25155,0.0017145,0.0017153,0.0017015,0.0017024,7184700.0,2025-05-21 18:40:00,1.1929999999999993e-05,0.0017406453333333335,-1.0,1.1722380952380944e-05,1.0
22,1747853100000,0.0017145,0.0017218,0.0017084,0.0017107,11652400.0,19972.41856,0.0017107,0.0017218,0.0017084,0.0017145,11652400.0,2025-05-21 18:45:00,1.1939999999999997e-05,0.0016833046666666666,1.0,1.1722380952380944e-05,-1.0
21,1747853400000,0.0017107,0.0017179,0.00171,0.0017115,3097700.0,5308.04149,0.0017115,0.0017179,0.00171,0.0017107,3097700.0,2025-05-21 18:50:00,1.1479999999999997e-05,0.0017406453333333335,-1.0,1.1722380952380944e-05,1.0
20,1747853700000,0.0017115,0.0017115,0.0017051,0.0017052,1057800.0,1805.6467,0.0017052,0.0017115,0.0017051,0.0017115,1057800.0,2025-05-21 18:55:00,1.0169999999999992e-05,0.0016833046666666666,1.0,1.1722380952380944e-05,-1.0
19,1747854000000,0.0017052,0.0017172,0.0017052,0.0017159,3165500.0,5412.23496,0.0017159,0.0017172,0.0017052,0.0017052,3165500.0,2025-05-21 19:00:00,1.053e-05,0.0017406453333333335,-1.0,1.1722380952380944e-05,1.0
18,1747854300000,0.0017159,0.0017189,0.0016967,0.0016977,2932100.0,5006.63406,0.0016977,0.0017189,0.0016967,0.0017159,2932100.0,2025-05-21 19:05:00,1.183e-05,0.0016833046666666666,1.0,1.1722380952380944e-05,-1.0
17,1747854600000,0.0016977,0.0017089,0.0016942,0.0017089,5656800.0,9617.39482,0.0017089,0.0017089,0.0016942,0.0016977,5656800.0,2025-05-21 19:10:00,1.207999999999999e-05,0.0017406453333333335,-1.0,1.1722380952380944e-05,1.0
16,1747854900000,0.0017089,0.0017089,0.0017015,0.0017033,1423600.0,2427.54162,0.0017033,0.0017089,0.0017015,0.0017089,1423600.0,2025-05-21 19:15:00,1.173999999999997e-05,0.0016833046666666666,1.0,1.1722380952380944e-05,-1.0
15,1747855200000,0.0017033,0.0017069,0.0016996,0.0017047,2857700.0,4869.98989,0.0017047,0.0017069,0.0016996,0.0017033,2857700.0,2025-05-21 19:20:00,1.127999999999997e-05,0.0017406453333333335,-1.0,1.1722380952380944e-05,1.0
14,1747855500000,0.0017047,0.0017093,0.0016995,0.0017088,2444100.0,4170.91804,0.0017088,0.0017093,0.0016995,0.0017047,2444100.0,2025-05-21 19:25:00,1.148999999999996e-05,0.0016833046666666666,1.0,1.1722380952380944e-05,-1.0
13,1747855800000,0.0017088,0.0017223,0.0017088,0.0017209,3593700.0,6172.64678,0.0017209,0.0017223,0.0017088,0.0017088,3593700.0,2025-05-21 19:30:00,1.1459999999999985e-05,0.0017406453333333335,-1.0,1.1722380952380944e-05,1.0
12,1747856100000,0.0017209,0.0017323,0.0017181,0.0017315,19332200.0,33339.20966,0.0017315,0.0017323,0.0017181,0.0017209,19332200.0,2025-05-21 19:35:00,1.1539999999999988e-05,0.0016833046666666666,1.0,1.1722380952380944e-05,-1.0
11,1747856400000,0.0017315,0.0017315,0.0017233,0.0017234,3750800.0,6476.62718,0.0017234,0.0017315,0.0017233,0.0017315,3750800.0,2025-05-21 19:40:00,1.1569999999999962e-05,0.0017406453333333335,-1.0,1.1722380952380944e-05,1.0
10,1747856700000,0.0017234,0.0017334,0.001722,0.0017323,4894400.0,8450.20678,0.0017323,0.0017334,0.001722,0.0017234,4894400.0,2025-05-21 19:45:00,1.2069999999999962e-05,0.0016833046666666666,1.0,1.1722380952380944e-05,-1.0
9,1747857000000,0.0017323,0.0017354,0.0017247,0.0017247,7107900.0,12311.05014,0.0017247,0.0017354,0.0017247,0.0017323,7107900.0,2025-05-21 19:50:00,1.1939999999999953e-05,0.0017406453333333335,-1.0,1.1722380952380944e-05,1.0
8,1747857300000,0.0017247,0.0017379,0.0017225,0.0017313,12688600.0,21934.86401,0.0017313,0.0017379,0.0017225,0.0017247,12688600.0,2025-05-21 19:55:00,1.1259999999999938e-05,0.0016833046666666666,1.0,1.1722380952380944e-05,-1.0
7,1747857600000,0.0017313,0.001737,0.0017298,0.0017302,3630500.0,6290.00868,0.0017302,0.001737,0.0017298,0.0017313,3630500.0,2025-05-21 20:00:00,1.0509999999999947e-05,0.0017406453333333335,-1.0,1.1722380952380944e-05,1.0
6,1747857900000,0.0017302,0.0017342,0.0017264,0.0017281,3319800.0,5748.91425,0.0017281,0.0017342,0.0017264,0.0017302,3319800.0,2025-05-21 20:05:00,1.0549999999999968e-05,0.0016833046666666666,1.0,1.1722380952380944e-05,-1.0
5,1747858200000,0.0017281,0.0017302,0.001719,0.0017209,6598800.0,11367.71382,0.0017209,0.0017302,0.001719,0.0017281,6598800.0,2025-05-21 20:10:00,1.0939999999999973e-05,0.0017406453333333335,-1.0,1.1722380952380944e-05,1.0
4,1747858500000,0.0017209,0.0017255,0.0017196,0.0017231,2647800.0,4560.94799,0.0017231,0.0017255,0.0017196,0.0017209,2647800.0,2025-05-21 20:15:00,1.054999999999999e-05,0.0016833046666666666,1.0,1.1722380952380944e-05,-1.0
3,1747858800000,0.0017231,0.0017252,0.0017192,0.0017235,1193500.0,2054.49788,0.0017235,0.0017252,0.0017192,0.0017231,1193500.0,2025-05-21 20:20:00,9.8e-06,0.0017406453333333335,-1.0,8.451555555555538e-06,1.0
2,1747859100000,0.0017235,0.001724,0.0017197,0.001722,493100.0,849.01343,0.001722,0.001724,0.0017197,0.0017235,493100.0,2025-05-21 20:25:00,8.810000000000002e-06,0.0016833046666666666,1.0,8.451555555555538e-06,-1.0
1,1747859400000,0.001722,0.0017254,0.0017206,0.001722,2354200.0,4056.64915,0.001722,0.0017254,0.0017206,0.001722,2354200.0,2025-05-21 20:30:00,8.470000000000005e-06,0.0017406453333333335,-1.0,8.451555555555538e-06,1.0
0,1747859700000,0.001722,0.0017226,0.001719,0.0017205,873700.0,1503.75381,0.0017205,0.0017226,0.001719,0.001722,873700.0,2025-05-21 20:35:00,7.689999999999998e-06,0.0016833046666666666,1.0,8.451555555555538e-06,
